{
    "技術指標_乖離率(20日)": 0.16095988791989735,
    "個股19天乖離率": 0.11713350954395448,
    "個股10天乖離率": 0.08916190574350846,
    "個股20天報酬率": 0.0793365545470524,
    "個股10天報酬率": 0.05458062349740435,
    "個股5天報酬率": 0.044964433058401546,
    "個股5天乖離率": 0.043097501451588804,
    "個股5天成交量波動度": 0.031029264921739172,
    "個股10天成交量波動度": 0.031023629109022295,
    "個股5天波動度": 0.026225995399340694,
    "上市加權指數20天報酬率": 0.024663684322230428,
    "個股20天成交量波動度": 0.023683210351816197,
    "個股10天波動度": 0.022828853638545216,
    "個股20天波動度": 0.021674521347539093,
    "上市加權指數10天報酬率": 0.020751426650415128,
    "上市加權指數19天乖離率": 0.020622737488179364,
    "上市加權指數10天乖離率": 0.019032190101960847,
    "上市加權指數5天報酬率": 0.01848208768124743,
    "上市加權指數5天成交量波動度": 0.01799545263085192,
    "上市加權指數10天成交量波動度": 0.017585619424557376,
    "上市加權指數20天波動度": 0.017490393461617505
}