{
    "個股19天乖離率": 0.7628843571710573,
    "技術指標_乖離率(20日)": 0.04484077900382897,
    "個股5天乖離率": 0.03076338353569304,
    "上市加權指數5天乖離率": 0.024365784030746667,
    "上市加權指數19天乖離率": 0.02362488241095659,
    "上市加權指數5天報酬率": 0.020452302550035047,
    "個股5天成交量波動度": 0.013362937544774538,
    "上市加權指數10天乖離率": 0.012936091984323654,
    "上市加權指數20天報酬率": 0.011652797837481351,
    "個股20天報酬率": 0.01078166937406623,
    "上市加權指數10天報酬率": 0.009689374143819391,
    "上市加權指數5天成交量波動度": 0.009455394068459518,
    "上市加權指數1天報酬率": 0.008289625353621908,
    "個股20天成交量波動度": 0.0054825140470779,
    "個股1天報酬率": 0.00337693951992912,
    "個股10天波動度": 0.003122694343900266,
    "上市加權指數10天波動度": 0.002905187609403813,
    "上市加權指數20天成交量波動度": 0.0015498555308191182,
    "個股20天波動度": 0.00036533336020337713,
    "個股5天報酬率": 9.809657980227515e-05,
    "個股10天乖離率": 0.0
}