{
    "技術指標_乖離率(20日)": 0.28407829999923706,
    "個股19天乖離率": 0.21088643372058868,
    "個股20天報酬率": 0.03201307728886604,
    "個股5天乖離率": 0.0296713225543499,
    "個股5天成交量波動度": 0.026448089629411697,
    "個股10天乖離率": 0.024949124082922935,
    "上市加權指數5天報酬率": 0.024444250389933586,
    "上市加權指數5天乖離率": 0.02299397811293602,
    "上市加權指數20天報酬率": 0.0226934514939785,
    "個股10天報酬率": 0.022490330040454865,
    "個股20天波動度": 0.021463921293616295,
    "上市加權指數19天乖離率": 0.020547635853290558,
    "上市加權指數1天報酬率": 0.01982717216014862,
    "上市加權指數5天波動度": 0.018754422664642334,
    "個股20天成交量波動度": 0.018594028428196907,
    "上市加權指數20天波動度": 0.01829172484576702,
    "上市加權指數10天報酬率": 0.017961926758289337,
    "上市加權指數10天乖離率": 0.017630811780691147,
    "上市加權指數5天成交量波動度": 0.017601439729332924,
    "個股1天報酬率": 0.017099866643548012,
    "個股5天報酬率": 0.01703021489083767
}